cantidadElementos,microsegundosEjec,segundosEjec
100,4,107.000000,0.000107
100,4,189.000000,0.000190
100,4,158.000000,0.000159
