cantidadElementos,microsegundosEjec,segundosEjec
100,2,130.000000,0.000131
100,2,40.000000,0.000039
100,2,156.000000,0.000156
