cantidadElementos,microsegundosEjec,segundosEjec
100,3,249.000000,0.000251
100,3,78.000000,0.000078
100,3,55.000000,0.000055
