cantidadElementos,microsegundosEjec,segundosEjec
100,49.000000,0.000056
100,47.000000,0.000052
100,47.000000,0.000052
