cantidadElementos, cantidadProcesadores,productoEscalar,microsegundosEjec,segundosEjec
100,4,155024,207.000000,0.000209
100,4,155024,74.000000,0.000074
100,4,155024,88.000000,0.000090
