cantidadElementos,productoEscalar,microsegundosEjec,segundosEjec
100,1283898,27.000000,0.000046
100,1283898,25.000000,0.000044
100,1283898,25.000000,0.000044
