cantidadElementos, cantidadProcesadores,productoEscalar,microsegundosEjec,segundosEjec
100,3,154992,71.000000,0.000075
100,3,154992,52.000000,0.000052
100,3,154992,167.000000,0.000168
