cantidadElementos, cantidadProcesadores,productoEscalar,microsegundosEjec,segundosEjec
100,2,164150,598.000000,0.000113
100,2,164150,27.000000,0.000027
100,2,164150,117.000000,0.000119
